Hour,Minute,2024-02-26,2024-02-27,2024-02-28,2024-02-29,Time
09,30,194.070602416992,205.153701782227,200.929992675781,205.011993408203,9.5
09,31,194.470001220703,204.19140625,200.880004882812,203.622604370117,9.51666666666667
09,32,194.709899902344,204.104995727539,200.268402099609,203.830001831055,9.53333333333333
09,33,195.059997558594,203.550003051758,199.779998779297,203.809997558594,9.55
09,34,194.479995727539,203.330001831055,200.080001831055,203.705001831055,9.56666666666667
09,35,194.824005126953,202.789993286133,200.339996337891,203.612899780273,9.58333333333333
09,36,195.189102172852,202.646896362305,201.589202880859,203.210006713867,9.6
09,37,195.774993896484,203.169998168945,202.089996337891,203.399993896484,9.61666666666667
09,38,195.649993896484,202.917999267578,201.815002441406,203.725997924805,9.63333333333333
09,39,195.679992675781,203.205001831055,202.089996337891,204.160003662109,9.65
09,40,195.914993286133,202.100006103516,201.789993286133,204.240005493164,9.66666666666667
09,41,195.759994506836,201.434997558594,201.829895019531,204.75,9.68333333333333
09,42,196.399993896484,202.295394897461,201.884994506836,204.190002441406,9.7
09,43,196.11149597168,203.919998168945,201.809997558594,203.929992675781,9.71666666666667
09,44,196.160003662109,203.555999755859,201.714996337891,203.89990234375,9.73333333333333
09,45,196.798492431641,204.404998779297,201.044998168945,203.279998779297,9.75
09,46,196.839996337891,204.410095214844,200.335006713867,203.39599609375,9.76666666666667
09,47,196.880004882812,204.860000610352,199.873992919922,204.287292480469,9.78333333333333
09,48,197.040405273438,205.080001831055,199.698394775391,203.029998779297,9.8
09,49,197.210006713867,204.751205444336,199.884994506836,202.959899902344,9.81666666666667
09,50,197.699996948242,204.044998168945,199.440002441406,202.960006713867,9.83333333333333
09,51,197.520004272461,204.225296020508,199.212600708008,203.21809387207,9.85
09,52,196.964996337891,204.235000610352,199.044204711914,202.910003662109,9.86666666666667
09,53,196.639999389648,204.033996582031,198.949996948242,202.929901123047,9.88333333333333
09,54,196.527099609375,204.022003173828,199.130004882812,202.615707397461,9.9
09,55,196.835006713867,203.550003051758,199.169296264648,202.940002441406,9.91666666666667
09,56,196.812896728516,203.369995117188,198.955001831055,203.070007324219,9.93333333333333
09,57,196.499893188477,203.039993286133,199.369995117188,202.932006835938,9.95
09,58,196.684097290039,202.75,199.559997558594,202.779998779297,9.96666666666667
09,59,196.440002441406,202.315704345703,199.651397705078,202.434997558594,9.98333333333333
10,00,196.475006103516,202.542495727539,200,203.195007324219,10
10,01,196.660003662109,202.440002441406,199.753997802734,202.839996337891,10.0166666666667
10,02,197.059906005859,202.589996337891,199.890106201172,203.199996948242,10.0333333333333
10,03,196.380096435547,202.949996948242,200.274993896484,203.479995727539,10.05
10,04,197.550003051758,202.970001220703,199.619995117188,203.509994506836,10.0666666666667
10,05,198.304397583008,202.804992675781,199.820098876953,202.869995117188,10.0833333333333
10,06,198.55859375,203.200103759766,199.606292724609,202.660003662109,10.1
10,07,199.029907226562,203.600006103516,200.569702148438,202.130004882812,10.1166666666667
10,08,198.854797363281,203.259994506836,201.024993896484,202.389999389648,10.1333333333333
10,09,198.857192993164,202.340103149414,200.940093994141,202.289993286133,10.15
10,10,199.160003662109,202.369995117188,201.231994628906,201.989898681641,10.1666666666667
10,11,199.039993286133,202.339996337891,201.505004882812,201.800003051758,10.1833333333333
10,12,199.740005493164,202.350006103516,201.729995727539,201.389999389648,10.2
10,13,199.389999389648,202.339904785156,201.772506713867,200.678894042969,10.2166666666667
10,14,198.659896850586,203.070007324219,201.660003662109,201.039993286133,10.2333333333333
10,15,198.610000610352,203.085006713867,201.729995727539,201.540100097656,10.25
10,16,198.535003662109,203.125,201.929992675781,201.610000610352,10.2666666666667
10,17,198.520004272461,203.070007324219,202.365997314453,201.630004882812,10.2833333333333
10,18,198.258697509766,203.429992675781,202.520004272461,201.356002807617,10.3
10,19,198.490005493164,203.300003051758,202.408004760742,201.570007324219,10.3166666666667
10,20,198.615005493164,202.889999389648,202.225006103516,201.100006103516,10.3333333333333
10,21,198.439895629883,203.050003051758,202.434906005859,201.356002807617,10.35
10,22,198.289794921875,202.414993286133,202.584701538086,201.350006103516,10.3666666666667
10,23,197.839996337891,202.300003051758,202.419998168945,201.529907226562,10.3833333333333
10,24,197.610000610352,202.520004272461,201.925598144531,201.697998046875,10.4
10,25,197.902099609375,202.389999389648,202.824996948242,201.964996337891,10.4166666666667
10,26,197.764999389648,202.375,203.179992675781,202.065093994141,10.4333333333333
10,27,197.460006713867,201.949996948242,202.830001831055,202.100006103516,10.45
10,28,197.774993896484,202.279998779297,203.039993286133,201.889999389648,10.4666666666667
10,29,197.710006713867,202.498504638672,202.75,202.039993286133,10.4833333333333
10,30,197.410003662109,203.104995727539,203.412094116211,201.989898681641,10.5
10,31,197.520004272461,202.864501953125,203.140106201172,202.021499633789,10.5166666666667
10,32,197.774993896484,202.814804077148,203.359802246094,201.919998168945,10.5333333333333
10,33,197.389999389648,202.960006713867,203.509994506836,201.679901123047,10.55
10,34,197.679992675781,203.164993286133,203.635406494141,201.850006103516,10.5666666666667
10,35,197.880004882812,202.947494506836,203.615005493164,201.782104492188,10.5833333333333
10,36,198.059997558594,203.070007324219,203.386596679688,202.169998168945,10.6
10,37,198.279998779297,203.226501464844,203.153701782227,201.979995727539,10.6166666666667
10,38,198.21989440918,203.110107421875,203.041107177734,202.050003051758,10.6333333333333
10,39,198.283096313477,202.850006103516,203.099899291992,202.104202270508,10.65
10,40,198.055999755859,203.080001831055,203.119995117188,201.820007324219,10.6666666666667
10,41,198.509994506836,203.243194580078,203.169998168945,201.742294311523,10.6833333333333
10,42,198.759994506836,203.199996948242,203.595001220703,201.620101928711,10.7
10,43,198.881103515625,203.149993896484,203.5,201.149993896484,10.7166666666667
10,44,199.020004272461,203.022003173828,203.287994384766,201.270004272461,10.7333333333333
10,45,198.919998168945,203.081802368164,202.934295654297,201.009994506836,10.75
10,46,199.029998779297,203.479995727539,202.558807373047,200.770004272461,10.7666666666667
10,47,199.050003051758,203.200607299805,202.870101928711,200.910903930664,10.7833333333333
10,48,199.279998779297,203.229995727539,202.708892822266,201.049896240234,10.8
10,49,199.304992675781,203.130004882812,202.860000610352,201.120803833008,10.8166666666667
10,50,198.949996948242,202.856597900391,202.781997680664,200.91340637207,10.8333333333333
10,51,199.619995117188,202.544006347656,203.243392944336,200.809997558594,10.85
10,52,199.975204467773,202.514999389648,203.489807128906,200.699996948242,10.8666666666667
10,53,199.929992675781,202.384994506836,203.354995727539,200.409896850586,10.8833333333333
10,54,199.54020690918,202.365005493164,203.440002441406,199.943603515625,10.9
10,55,199.459899902344,202.544998168945,203.579895019531,200.671997070312,10.9166666666667
10,56,199.300003051758,202.229995727539,203.650100708008,200.720001220703,10.9333333333333
10,57,198.869995117188,202.255004882812,203.693206787109,200.690002441406,10.95
10,58,198.710006713867,202.434997558594,203.720001220703,200.509994506836,10.9666666666667
10,59,198.788696289062,202.449996948242,203.718002319336,200.380004882812,10.9833333333333
11,00,198.809997558594,202.300003051758,203.789993286133,200.654998779297,11
11,01,198.820007324219,202.019897460938,203.899993896484,200.020004272461,11.0166666666667
11,02,199.169998168945,201.800003051758,204.044998168945,199.770004272461,11.0333333333333
11,03,198.856597900391,201.796005249023,204.070007324219,199.959899902344,11.05
11,04,198.964996337891,201.519897460938,203.960006713867,199.669998168945,11.0666666666667
11,05,198.763000488281,201.706604003906,204.313903808594,199.931503295898,11.0833333333333
11,06,198.212005615234,201.520004272461,204.39990234375,199.994995117188,11.1
11,07,198.115005493164,201.225006103516,204.460006713867,200.19059753418,11.1166666666667
11,08,197.973999023438,201.635192871094,204.379898071289,200.139999389648,11.1333333333333
11,09,198.179992675781,201.490005493164,203.850006103516,200.080001831055,11.15
11,10,198.257293701172,201.136001586914,204.119995117188,200.086502075195,11.1666666666667
11,11,198.580001831055,201.589996337891,204.139892578125,200.089996337891,11.1833333333333
11,12,198.563995361328,201.720001220703,204.479995727539,199.880798339844,11.2
11,13,198.660003662109,201.800003051758,204.605697631836,199.919998168945,11.2166666666667
11,14,198.832000732422,201.929992675781,204.839904785156,199.910095214844,11.2333333333333
11,15,198.985000610352,201.660003662109,204.481796264648,200.270004272461,11.25
11,16,199.119995117188,201.487503051758,204.440002441406,200.179992675781,11.2666666666667
11,17,199.320007324219,201.479904174805,204.414993286133,200.416702270508,11.2833333333333
11,18,199.449996948242,201.750106811523,204.494995117188,200.079696655273,11.3
11,19,199.575393676758,201.699996948242,204.488693237305,200.220092773438,11.3166666666667
11,20,199.740005493164,201.520004272461,204.638900756836,200.380004882812,11.3333333333333
11,21,199.899993896484,201.729904174805,204.619995117188,200.229995727539,11.35
11,22,199.315002441406,201.759994506836,204.481994628906,199.865005493164,11.3666666666667
11,23,199.164398193359,202.01220703125,204.630004882812,199.897796630859,11.3833333333333
11,24,199.413696289062,202.020004272461,204.669998168945,200.044998168945,11.4
11,25,199.449996948242,202.111999511719,204.735000610352,200.149993896484,11.4166666666667
11,26,199.580001831055,202.029998779297,204.748504638672,199.940002441406,11.4333333333333
11,27,199.914993286133,202.150100708008,204.979995727539,200.082000732422,11.45
11,28,199.970001220703,201.925003051758,204.975006103516,199.960006713867,11.4666666666667
11,29,199.960006713867,201.979995727539,205.119995117188,199.669998168945,11.4833333333333
11,30,199.550003051758,202.139999389648,205.082000732422,199.318496704102,11.5
11,31,199.411499023438,202.229995727539,204.550003051758,199.470001220703,11.5166666666667
11,32,199.679992675781,201.729995727539,204.229995727539,199.481292724609,11.5333333333333
11,33,199.787994384766,202.289993286133,204.410003662109,199.475006103516,11.55
11,34,199.870101928711,202.271392822266,204.020004272461,199.350006103516,11.5666666666667
11,35,199.75,202.140106201172,204.059997558594,199.550003051758,11.5833333333333
11,36,199.915603637695,201.901992797852,204.245498657227,199.630706787109,11.6
11,37,200.757400512695,201.979995727539,204.410003662109,199.514999389648,11.6166666666667
11,38,200.81950378418,202.202606201172,204.490005493164,199.010101318359,11.6333333333333
11,39,200.679992675781,202.425003051758,204.449996948242,198.735000610352,11.65
11,40,200.471496582031,202.249893188477,204.463897705078,198.760696411133,11.6666666666667
11,41,200.75,202.274993896484,204.595794677734,199.13200378418,11.6833333333333
11,42,200.800003051758,202.461502075195,204.580001831055,199.050003051758,11.7
11,43,200.880004882812,202.229995727539,204.419998168945,199.048004150391,11.7166666666667
11,44,201.024993896484,202.412094116211,204.460006713867,199.300094604492,11.7333333333333
11,45,201.369995117188,202.309997558594,204.550003051758,199.231994628906,11.75
11,46,201.24870300293,202.145004272461,204.730804443359,199.28010559082,11.7666666666667
11,47,200.770095825195,202.199996948242,204.551498413086,199.179992675781,11.7833333333333
11,48,201.199996948242,201.930099487305,204.330001831055,199.13200378418,11.8
11,49,201.380706787109,201.977996826172,204.009994506836,199.259994506836,11.8166666666667
11,50,201.449996948242,201.926406860352,204.259994506836,199.457794189453,11.8333333333333
11,51,201.490005493164,202.057998657227,204.359893798828,199.667999267578,11.85
11,52,201.320007324219,201.85009765625,204.16520690918,199.830001831055,11.8666666666667
11,53,201.005004882812,201.889999389648,204.440002441406,199.938003540039,11.8833333333333
11,54,200.979995727539,202.02799987793,204.47200012207,199.977600097656,11.9
11,55,201.074996948242,201.979995727539,204.430404663086,200.110000610352,11.9166666666667
11,56,201.210006713867,202.029998779297,204.25,200.149398803711,11.9333333333333
11,57,201.419998168945,202.088302612305,204.397994995117,199.910400390625,11.95
11,58,201.472702026367,201.949996948242,204.190002441406,199.914993286133,11.9666666666667
11,59,200.960006713867,201.940002441406,204.270004272461,200.059997558594,11.9833333333333
12,00,200.709899902344,201.636901855469,203.960601806641,199.912002563477,12
12,01,200.470001220703,201.445007324219,204.13200378418,200.031997680664,12.0166666666667
12,02,200.809997558594,201.484603881836,203.927993774414,199.940002441406,12.0333333333333
12,03,201.035003662109,201.440002441406,204.029998779297,199.783294677734,12.05
12,04,200.988006591797,201.450103759766,204.080001831055,199.863800048828,12.0666666666667
12,05,200.804992675781,201.433502197266,203.608596801758,200.070098876953,12.0833333333333
12,06,200.809997558594,201.729797363281,203.620101928711,199.919998168945,12.1
12,07,201.107406616211,201.835006713867,203.660095214844,200.005004882812,12.1166666666667
12,08,200.820007324219,201.779998779297,203.789993286133,200.013107299805,12.1333333333333
12,09,200.910003662109,201.884994506836,203.399993896484,200.235000610352,12.15
12,10,201.25,202.249893188477,203.451599121094,200.285003662109,12.1666666666667
12,11,201.110000610352,202.350006103516,203.190002441406,200.190002441406,12.1833333333333
12,12,201.279495239258,202.160095214844,203.210006713867,200.229995727539,12.2
12,13,201.108001708984,202.419998168945,203.399993896484,200.350006103516,12.2166666666667
12,14,201.170196533203,202.365005493164,203.439102172852,200.259994506836,12.2333333333333
12,15,201.149993896484,202.380004882812,203.729202270508,200.229705810547,12.25
12,16,201.387100219727,202.265899658203,203.630004882812,200.071197509766,12.2666666666667
12,17,200.979995727539,202.210006713867,203.585006713867,200.080001831055,12.2833333333333
12,18,200.940002441406,202.065704345703,203.768997192383,200.196304321289,12.3
12,19,201.149002075195,201.869995117188,203.339996337891,200.240005493164,12.3166666666667
12,20,201.399993896484,201.938003540039,203.175003051758,200.179992675781,12.3333333333333
12,21,201.074996948242,201.894195556641,203.012496948242,200.014205932617,12.35
12,22,200.770004272461,201.460006713867,203.330001831055,199.868499755859,12.3666666666667
12,23,200.828002929688,201.240005493164,203.420104980469,199.809906005859,12.3833333333333
12,24,200.949996948242,200.949996948242,203.429901123047,199.930099487305,12.4
12,25,200.720001220703,201.253997802734,203.322006225586,199.900100708008,12.4166666666667
12,26,200.690002441406,200.960006713867,203.449996948242,199.735702514648,12.4333333333333
12,27,200.484100341797,200.999893188477,203.5,199.96989440918,12.45
12,28,200.335693359375,201.063995361328,203.480102539062,199.758804321289,12.4666666666667
12,29,200.279998779297,200.634292602539,203.259994506836,199.570007324219,12.4833333333333
12,30,200.149993896484,200.860992431641,203.229904174805,199.772903442383,12.5
12,31,200.419998168945,200.729995727539,202.985000610352,199.823303222656,12.5166666666667
12,32,200.095001220703,200.798004150391,202.940002441406,199.839996337891,12.5333333333333
12,33,200.050003051758,200.60009765625,202.779998779297,199.770095825195,12.55
12,34,199.929901123047,200.264205932617,202.705001831055,199.667999267578,12.5666666666667
12,35,199.720001220703,200.147994995117,202.682006835938,199.770004272461,12.5833333333333
12,36,199.999694824219,200.089996337891,202.5,199.840896606445,12.6
12,37,199.803100585938,200.067306518555,202.729995727539,199.798004150391,12.6166666666667
12,38,199.949996948242,199.950103759766,202.817199707031,199.804992675781,12.6333333333333
12,39,199.919998168945,199.839996337891,202.735000610352,200.100006103516,12.65
12,40,200.043594360352,200.090103149414,202.934997558594,200.195007324219,12.6666666666667
12,41,200.097900390625,199.919998168945,202.879196166992,200.169998168945,12.6833333333333
12,42,200.179992675781,199.779998779297,203.199996948242,200.133605957031,12.7
12,43,200.360000610352,199.798004150391,203.009994506836,200.005996704102,12.7166666666667
12,44,200.039993286133,199.880004882812,203.019897460938,199.990005493164,12.7333333333333
12,45,199.839996337891,199.850006103516,202.866195678711,200.035003662109,12.75
12,46,200,199.669998168945,202.985000610352,200.059997558594,12.7666666666667
12,47,200.089996337891,199.360000610352,202.850006103516,200.080596923828,12.7833333333333
12,48,199.686004638672,199.470001220703,203.292007446289,200.179992675781,12.8
12,49,199.960006713867,199.313995361328,203.330200195312,200.089996337891,12.8166666666667
12,50,199.725006103516,199.328796386719,203.389892578125,200.050003051758,12.8333333333333
12,51,199.790100097656,199.25,203.300003051758,200.009902954102,12.85
12,52,199.649993896484,198.830093383789,203.279907226562,200.009902954102,12.8666666666667
12,53,199.658004760742,199.078002929688,203.335006713867,200.100006103516,12.8833333333333
12,54,199.535995483398,199.130004882812,203.439605712891,200.212707519531,12.9
12,55,199.75,198.764999389648,203.619903564453,200.259994506836,12.9166666666667
12,56,199.749893188477,198.794998168945,203.5,200.199996948242,12.9333333333333
12,57,199.712005615234,198.910003662109,203.460006713867,200.25,12.95
12,58,199.919998168945,199.130004882812,203.449996948242,200.216293334961,12.9666666666667
12,59,199.840103149414,198.798706054688,203.356796264648,200.350006103516,12.9833333333333
13,00,200.010696411133,198.940002441406,203.255706787109,200.375,13
13,01,199.490005493164,199.146301269531,203.48469543457,200.109802246094,13.0166666666667
13,02,199.565902709961,199.160003662109,203.470001220703,200.179992675781,13.0333333333333
13,03,200.139999389648,199.134994506836,203.643493652344,200.019897460938,13.05
13,04,200.279998779297,198.964996337891,203.475006103516,200.096694946289,13.0666666666667
13,05,200.289993286133,199.110000610352,203.412002563477,200.149993896484,13.0833333333333
13,06,200.250701904297,199.049896240234,203.389999389648,200.190002441406,13.1
13,07,200.46989440918,198.894500732422,203.279998779297,200.268600463867,13.1166666666667
13,08,200.610000610352,198.690002441406,203.410003662109,200.25,13.1333333333333
13,09,200.559494018555,198.830001831055,203.371994018555,200.374694824219,13.15
13,10,200.660095214844,198.910003662109,203.100006103516,200.559997558594,13.1666666666667
13,11,200.490005493164,199.065994262695,203.059997558594,200.699905395508,13.1833333333333
13,12,200.35009765625,199.085006713867,203.207992553711,200.544998168945,13.2
13,13,200.298599243164,198.947998046875,203.159393310547,200.60710144043,13.2166666666667
13,14,200.179992675781,198.919998168945,203.199996948242,200.669998168945,13.2333333333333
13,15,200.320007324219,198.742004394531,203.179992675781,200.800003051758,13.25
13,16,200.289993286133,198.830001831055,203.089904785156,200.61799621582,13.2666666666667
13,17,200.140701293945,198.839996337891,202.914001464844,200.531997680664,13.2833333333333
13,18,199.988006591797,198.910095214844,202.880004882812,200.603897094727,13.3
13,19,199.570007324219,198.860000610352,203.054000854492,200.740005493164,13.3166666666667
13,20,199.328002929688,198.848007202148,203.100006103516,200.751693725586,13.3333333333333
13,21,199.725006103516,198.610000610352,202.764007568359,200.524993896484,13.35
13,22,199.748001098633,198.570007324219,202.542007446289,200.427093505859,13.3666666666667
13,23,199.464996337891,198.74169921875,202.514999389648,200.435501098633,13.3833333333333
13,24,199.600006103516,198.887100219727,202.610000610352,200.490005493164,13.4
13,25,199.399993896484,198.970001220703,202.539993286133,200.570098876953,13.4166666666667
13,26,199.128799438477,198.690002441406,202.629806518555,200.664505004883,13.4333333333333
13,27,199.320007324219,198.75,202.539993286133,200.509994506836,13.45
13,28,199.350006103516,198.930099487305,202.629898071289,200.539993286133,13.4666666666667
13,29,199.229995727539,198.610000610352,202.800094604492,200.610000610352,13.4833333333333
13,30,199.389999389648,198.639999389648,202.877197265625,200.480102539062,13.5
13,31,199.485000610352,198.75,203.169998168945,200.432006835938,13.5166666666667
13,32,199.565002441406,198.619903564453,203.199905395508,200.270004272461,13.5333333333333
13,33,199.669998168945,198.557601928711,203.240005493164,200.229904174805,13.55
13,34,199.785003662109,198.509994506836,203.309997558594,200.184799194336,13.5666666666667
13,35,199.542007446289,198.533401489258,203.264999389648,200.240005493164,13.5833333333333
13,36,199.229995727539,198.391494750977,203.389999389648,200.320007324219,13.6
13,37,199.173400878906,198.624206542969,203.210006713867,200.289993286133,13.6166666666667
13,38,199.509994506836,198.78059387207,203.180099487305,200.360107421875,13.6333333333333
13,39,199.375,198.736892700195,203.199996948242,200.389999389648,13.65
13,40,199.180404663086,199.007995605469,203.057998657227,200.360000610352,13.6666666666667
13,41,199.369995117188,198.820007324219,203.169998168945,200.512603759766,13.6833333333333
13,42,199.600006103516,198.729995727539,203.300003051758,200.820007324219,13.7
13,43,199.5,198.868194580078,203.429992675781,201.020004272461,13.7166666666667
13,44,199.399993896484,198.770004272461,203.440093994141,200.929901123047,13.7333333333333
13,45,199.576904296875,198.840103149414,203.610000610352,200.990005493164,13.75
13,46,199.675994873047,198.889694213867,203.430099487305,200.952102661133,13.7666666666667
13,47,199.619995117188,198.970001220703,203.550003051758,200.828002929688,13.7833333333333
13,48,199.599792480469,199.079895019531,203.550003051758,200.761001586914,13.8
13,49,199.45849609375,199.082000732422,203.550003051758,200.760101318359,13.8166666666667
13,50,199.271102905273,199.050094604492,203.479995727539,200.769897460938,13.8333333333333
13,51,199.122100830078,199,203.270004272461,200.690002441406,13.85
13,52,199.039993286133,199.037994384766,203.464996337891,200.679992675781,13.8666666666667
13,53,199,199.05029296875,203.560501098633,200.520004272461,13.8833333333333
13,54,199.300003051758,199.070007324219,203.664993286133,200.516098022461,13.9
13,55,199.100006103516,199.089996337891,203.690002441406,200.615005493164,13.9166666666667
13,56,199.199996948242,199.169998168945,203.615005493164,200.682907104492,13.9333333333333
13,57,199.3876953125,199.343994140625,203.618103027344,200.75,13.95
13,58,199.488006591797,199.930603027344,203.670104980469,200.854995727539,13.9666666666667
13,59,199.641998291016,200.223999023438,203.720001220703,200.740005493164,13.9833333333333
14,00,199.684997558594,199.421493530273,203.699996948242,200.610000610352,14
14,01,199.610000610352,199.300003051758,203.549896240234,200.72380065918,14.0166666666667
14,02,199.419998168945,199.440002441406,203.580001831055,200.839996337891,14.0333333333333
14,03,199.25,199.335006713867,203.570007324219,200.910003662109,14.05
14,04,199.402404785156,199.600006103516,203.568496704102,200.899993896484,14.0666666666667
14,05,199.309997558594,199.740005493164,203.514999389648,200.830001831055,14.0833333333333
14,06,199.249801635742,200.074005126953,203.350006103516,200.809997558594,14.1
14,07,199.149993896484,200.134994506836,202.75,200.910003662109,14.1166666666667
14,08,198.949905395508,200.050003051758,202.809997558594,200.80549621582,14.1333333333333
14,09,199.130004882812,199.957992553711,202.840606689453,200.970001220703,14.15
14,10,199.050003051758,200.135894775391,202.619995117188,200.820007324219,14.1666666666667
14,11,198.770004272461,199.888000488281,202.563705444336,200.910003662109,14.1833333333333
14,12,198.86799621582,200.084197998047,202.742004394531,200.989898681641,14.2
14,13,198.94970703125,200.229995727539,202.748596191406,200.942306518555,14.2166666666667
14,14,199.050003051758,200.38850402832,202.740005493164,200.817398071289,14.2333333333333
14,15,199.149993896484,200.679992675781,202.75,200.580001831055,14.25
14,16,199.307998657227,200.649200439453,202.919998168945,200.440994262695,14.2666666666667
14,17,199.39990234375,200.740005493164,202.960006713867,200.580001831055,14.2833333333333
14,18,199.399993896484,200.520004272461,202.861694335938,200.470001220703,14.3
14,19,199.449996948242,200.309997558594,202.839996337891,200.442398071289,14.3166666666667
14,20,199.490707397461,200.320007324219,202.630004882812,200.360000610352,14.3333333333333
14,21,199.580001831055,200.537506103516,202.440002441406,200.188507080078,14.35
14,22,199.679992675781,200.570007324219,202.500900268555,200.130004882812,14.3666666666667
14,23,199.620101928711,200.559997558594,202.611999511719,200.220306396484,14.3833333333333
14,24,199.979995727539,200.550003051758,202.331298828125,200.079895019531,14.4
14,25,199.820098876953,200.229995727539,202.437103271484,199.927993774414,14.4166666666667
14,26,199.940002441406,200.350006103516,202.380004882812,200.022003173828,14.4333333333333
14,27,199.670104980469,200.539993286133,202.27799987793,199.990005493164,14.45
14,28,199.707504272461,200.725204467773,202.414993286133,199.910095214844,14.4666666666667
14,29,199.654998779297,200.664993286133,202.164993286133,200.054000854492,14.4833333333333
14,30,199.720092773438,200.880096435547,202.199905395508,200.047805786133,14.5
14,31,199.574996948242,200.639297485352,202.111404418945,200.257995605469,14.5166666666667
14,32,199.529998779297,200.625,202.175003051758,200.279907226562,14.5333333333333
14,33,199.356002807617,200.550003051758,202.270904541016,200.097503662109,14.55
14,34,199.508605957031,200.449996948242,202.179992675781,200.218002319336,14.5666666666667
14,35,199.619995117188,200.330993652344,202.000396728516,200.277801513672,14.5833333333333
14,36,199.700393676758,200.460006713867,202.126495361328,200.190002441406,14.6
14,37,199.809997558594,200.600006103516,202.27799987793,200.240005493164,14.6166666666667
14,38,199.767303466797,200.460006713867,202.119995117188,200.229995727539,14.6333333333333
14,39,199.919998168945,200.490005493164,202.240097045898,200.404998779297,14.65
14,40,199.759994506836,200.348403930664,202.240005493164,200.460006713867,14.6666666666667
14,41,199.830001831055,200.539993286133,201.910003662109,200.429992675781,14.6833333333333
14,42,199.699996948242,200.531997680664,202.009994506836,200.320007324219,14.7
14,43,199.845901489258,200.679992675781,202.110000610352,200.399993896484,14.7166666666667
14,44,199.815795898438,200.903503417969,202.079193115234,200.360992431641,14.7333333333333
14,45,199.779998779297,200.754196166992,201.945007324219,200.379898071289,14.75
14,46,199.835006713867,200.600006103516,202.082000732422,200.354995727539,14.7666666666667
14,47,199.945007324219,200.57209777832,202.048004150391,200.460006713867,14.7833333333333
14,48,199.910003662109,200.542007446289,202.110000610352,200.429992675781,14.8
14,49,199.671600341797,200.464996337891,202.057998657227,200.469192504883,14.8166666666667
14,50,199.660003662109,199.871002197266,201.869995117188,200.339996337891,14.8333333333333
14,51,199.690093994141,199.987899780273,201.839996337891,200.349899291992,14.85
14,52,199.418395996094,200.279907226562,201.940002441406,200.300003051758,14.8666666666667
14,53,199.445007324219,200.342102050781,201.912292480469,200.289703369141,14.8833333333333
14,54,199.324996948242,200.130004882812,202.230102539062,200.269897460938,14.9
14,55,199.440002441406,200.190002441406,202.259902954102,200.275894165039,14.9166666666667
14,56,199.220001220703,200.153594970703,202.292404174805,200.369995117188,14.9333333333333
14,57,199.18049621582,200.24690246582,202.279998779297,200.308502197266,14.95
14,58,199.259994506836,200.289993286133,202.338104248047,200.326995849609,14.9666666666667
14,59,199.089904785156,200.609893798828,202.169998168945,200.578002929688,14.9833333333333
15,00,199.192001342773,200.229995727539,202.164993286133,200.730102539062,15
15,01,199.059997558594,199.979995727539,202.220001220703,200.811996459961,15.0166666666667
15,02,198.860000610352,199.915893554688,202.240097045898,200.748001098633,15.0333333333333
15,03,199.098999023438,199.994003295898,202.167999267578,200.815002441406,15.05
15,04,198.979995727539,199.921997070312,202.320007324219,200.927597045898,15.0666666666667
15,05,198.740097045898,199.850006103516,202.229995727539,200.880004882812,15.0833333333333
15,06,198.659103393555,199.836807250977,202.240005493164,200.931793212891,15.1
15,07,198.755004882812,199.919998168945,201.919692993164,200.839996337891,15.1166666666667
15,08,198.701995849609,199.994995117188,201.699905395508,200.850006103516,15.1333333333333
15,09,198.740005493164,200.080001831055,201.690002441406,200.869995117188,15.15
15,10,198.957901000977,200.158798217773,201.589996337891,200.869995117188,15.1666666666667
15,11,198.860000610352,199.919998168945,201.589996337891,200.880004882812,15.1833333333333
15,12,198.966003417969,200.027099609375,201.526000976562,200.860107421875,15.2
15,13,199.029998779297,200.057998657227,201.438003540039,200.918792724609,15.2166666666667
15,14,198.934997558594,200.044998168945,201.528793334961,200.820007324219,15.2333333333333
15,15,198.970001220703,199.899993896484,201.315994262695,200.923706054688,15.25
15,16,199.240005493164,200.049896240234,201.520004272461,201.091995239258,15.2666666666667
15,17,198.890106201172,200.062393188477,201.679992675781,201.119995117188,15.2833333333333
15,18,198.589996337891,200.100006103516,201.820007324219,200.994201660156,15.3
15,19,198.914596557617,199.857604980469,201.720001220703,201.100006103516,15.3166666666667
15,20,199.061996459961,199.470001220703,201.665802001953,201.199996948242,15.3333333333333
15,21,199.248001098633,199.548004150391,201.735504150391,201.139999389648,15.35
15,22,199.229995727539,199.860000610352,201.990005493164,201.065200805664,15.3666666666667
15,23,199.319900512695,199.889999389648,201.945007324219,200.960006713867,15.3833333333333
15,24,199.434997558594,199.787994384766,202.020004272461,201.042297363281,15.4
15,25,199.519897460938,199.830001831055,201.962005615234,201.145004272461,15.4166666666667
15,26,199.320007324219,199.802398681641,201.920196533203,201.020004272461,15.4333333333333
15,27,199.360000610352,199.954696655273,201.911499023438,201.009994506836,15.45
15,28,199.320007324219,199.981292724609,202.070007324219,200.890106201172,15.4666666666667
15,29,199.420196533203,199.986801147461,202.051300048828,200.863998413086,15.4833333333333
15,30,199.25,200.013793945312,202.021392822266,200.898193359375,15.5
15,31,199.389999389648,199.774993896484,202.095001220703,201.049896240234,15.5166666666667
15,32,199.109893798828,199.710006713867,202.085006713867,201,15.5333333333333
15,33,199.00959777832,199.634994506836,202.130004882812,201.119995117188,15.55
15,34,199.242004394531,199.393005371094,202.21989440918,201.095001220703,15.5666666666667
15,35,199.287994384766,199.395004272461,202.190002441406,201.164993286133,15.5833333333333
15,36,199.438003540039,199.25,202.129302978516,200.899993896484,15.6
15,37,199.579895019531,199.260192871094,201.970001220703,200.942504882812,15.6166666666667
15,38,199.771499633789,199.069107055664,202.154998779297,200.889999389648,15.6333333333333
15,39,199.630004882812,199.279998779297,202.119903564453,201.011199951172,15.65
15,40,199.669998168945,199.149993896484,202.360000610352,201.059997558594,15.6666666666667
15,41,199.529998779297,199.135299682617,202.270004272461,201.220001220703,15.6833333333333
15,42,199.640106201172,198.928497314453,202.240005493164,201,15.7
15,43,199.397003173828,199.059997558594,202.270004272461,201.11799621582,15.7166666666667
15,44,199.468704223633,199.089706420898,202.139999389648,200.998001098633,15.7333333333333
15,45,199.498001098633,199.270004272461,202.119995117188,200.960006713867,15.75
15,46,199.500106811523,199.279998779297,202.171997070312,201,15.7666666666667
15,47,199.529907226562,199.432006835938,202.139999389648,200.960006713867,15.7833333333333
15,48,199.462005615234,199.529998779297,202.179992675781,201.149993896484,15.8
15,49,199.355499267578,199.621994018555,202.160003662109,201.074005126953,15.8166666666667
15,50,199.414993286133,199.729995727539,202.020004272461,201.542007446289,15.8333333333333
15,51,199.315002441406,199.710006713867,201.949996948242,201.677993774414,15.85
15,52,199.550003051758,199.720001220703,201.774993896484,201.49609375,15.8666666666667
15,53,199.729995727539,199.835006713867,201.889999389648,201.747100830078,15.8833333333333
15,54,199.845001220703,199.720001220703,201.759994506836,201.910003662109,15.9
15,55,199.769302368164,199.598007202148,201.910003662109,201.880004882812,15.9166666666667
15,56,199.759994506836,199.714996337891,202.014404296875,202.080001831055,15.9333333333333
15,57,199.53010559082,199.919998168945,202.050003051758,202.084197998047,15.95
15,58,199.404998779297,199.820007324219,202,201.960006713867,15.9666666666667
15,59,199.350006103516,199.720001220703,202.149993896484,201.75,15.9833333333333
